Jill,Doe
Joe,Doe
Justin,Doe
Jane,Doe
John,Doe
Amit,Das
Rahul,Gupta
Priya,Iyer
Sanjay,Gupta
Rahul,Patel
Neha,Reddy
Suresh,Singh
Rahul,Reddy
Vikram,Sharma
Priya,Patel
Priya,Gupta
Suresh,Menon
Priya,Singh
Neha,Gupta
Vikram,Reddy
Vikram,Patel
Suresh,Menon
Suresh,Iyer
Rajesh,Singh
Neha,Menon
Vikram,Patel
Suresh,Verma
Pooja,Patel
Rajesh,Das
Priya,Iyer
Sanjay,Menon
Vikram,Menon
Rajesh,Singh
Pooja,Gupta
Neha,Reddy
Amit,Das
Rahul,Reddy
Rahul,Singh
Rajesh,Patel
Pooja,Singh
Neha,Iyer
Vikram,Menon
Vikram,Verma
Vikram,Sharma
Ananya,Patel
Vikram,Rao
Rajesh,Rao
Pooja,Iyer
Vikram,Das
Pooja,Gupta
Suresh,Patel
Amit,Patel
Suresh,Sharma
Rahul,Rao
Neha,Menon
Suresh,Rao
Ananya,Reddy
Rahul,Das
Vikram,Verma
Sanjay,Patel
Rahul,Reddy
Priya,Verma
Pooja,Sharma
Suresh,Gupta
Sanjay,Singh
Sanjay,Patel
Pooja,Menon
Amit,Patel
Sanjay,Iyer
Pooja,Rao
Ananya,Reddy
Priya,Patel
Rajesh,Reddy
Vikram,Menon
Suresh,Rao
Amit,Patel
Vikram,Patel
Vikram,Singh
Amit,Das
Suresh,Gupta
Rahul,Rao
Amit,Menon
Sanjay,Sharma
Suresh,Iyer
Pooja,Sharma
Rajesh,Iyer
Amit,Patel
Priya,Sharma
Sanjay,Menon
Rahul,Gupta
Suresh,Menon
Pooja,Das
Pooja,Iyer
Neha,Iyer
Rajesh,Sharma
Rahul,Menon
Rajesh,Singh
Vikram,Menon
Ananya,Sharma
Neha,Rao
Amit,Patel
Suresh,Reddy
Pooja,Patel
Rajesh,Sharma
Amit,Rao
Sanjay,Sharma
Neha,Sharma
Neha,Patel
Rahul,Patel
Rahul,Singh
Ananya,Gupta
Rahul,Gupta
Vikram,Singh
Neha,Verma
Rahul,Iyer
Priya,Das
Amit,Menon
Suresh,Iyer
Ananya,Menon
Neha,Reddy
Sanjay,Reddy
Sanjay,Verma
Rajesh,Gupta
Suresh,Rao
Priya,Verma
Suresh,Patel
Pooja,Singh
Vikram,Patel
Rahul,Iyer
Rajesh,Menon
Ananya,Iyer
Sanjay,Menon
Ananya,Iyer
Rahul,Sharma
Priya,Verma
Rahul,Menon
Priya,Das
Rahul,Iyer
Ananya,Das
Rajesh,Reddy
Rahul,Verma
Amit,Verma
Priya,Menon
Rajesh,Menon
Pooja,Rao
Ananya,Rao
Rajesh,Sharma
Rajesh,Das
Rahul,Sharma
Rajesh,Sharma
Priya,Menon
Rahul,Sharma
Rahul,Patel
Priya,Rao
Priya,Verma
Neha,Sharma
Amit,Rao
Amit,Reddy
Pooja,Reddy
Pooja,Rao
Ananya,Singh
Sanjay,Gupta
Rajesh,Rao
Pooja,Singh
Suresh,Menon
Rajesh,Iyer
Pooja,Menon
Vikram,Menon
Ananya,Rao
Rahul,Gupta
Pooja,Gupta
Vikram,Verma
Pooja,Iyer
Neha,Singh
Rajesh,Rao
Priya,Sharma
Rajesh,Patel
Pooja,Reddy
Sanjay,Menon
Sanjay,Iyer
Suresh,Menon
Priya,Singh
Ananya,Menon
Amit,Gupta
Suresh,Verma
Rahul,Reddy
Suresh,Menon
Rahul,Iyer
Rajesh,Das
Neha,Reddy
Neha,Iyer
Amit,Verma
Rahul,Rao
Rajesh,Das
Priya,Reddy
Pooja,Singh
Amit,Rao
Sanjay,Rao
Neha,Das
Priya,Verma
Neha,Singh
Ananya,Sharma
Vikram,Sharma
Sanjay,Singh
Ananya,Singh
Ananya,Gupta
Neha,Menon
Sanjay,Iyer
Pooja,Sharma
Sanjay,Menon
Neha,Verma
Amit,Reddy
Pooja,Rao
Amit,Sharma
Rahul,Rao
Amit,Menon
Priya,Gupta
Priya,Singh
Amit,Gupta
Amit,Verma
Rahul,Gupta
Sanjay,Das
Suresh,Rao
Vikram,Rao
Priya,Sharma
Pooja,Patel
Amit,Rao
Ananya,Das
Amit,Gupta
Sanjay,Rao
Vikram,Iyer
Rahul,Verma
Amit,Reddy
Vikram,Reddy
Neha,Das
Neha,Menon
Ananya,Gupta
Rajesh,Sharma
Rahul,Reddy
Vikram,Sharma
Neha,Patel
Neha,Gupta
Amit,Reddy
Rahul,Das
Priya,Iyer
Pooja,Reddy
Rajesh,Iyer
Vikram,Verma
Ananya,Gupta
Vikram,Rao
Neha,Rao
Amit,Patel
Amit,Patel
Rajesh,Gupta
Suresh,Rao
Amit,Gupta
Rahul,Singh
Pooja,Menon
Ananya,Patel
Sanjay,Gupta
Rahul,Menon
Ananya,Sharma
Priya,Iyer
Rajesh,Singh
Sanjay,Verma
Sanjay,Verma
Neha,Singh
Sanjay,Sharma
Rahul,Singh
Neha,Iyer
Suresh,Gupta
Sanjay,Menon
Pooja,Singh
Amit,Gupta
Priya,Menon
Rahul,Verma
Priya,Reddy
Priya,Singh
Neha,Patel
Suresh,Menon
Sanjay,Sharma
Rahul,Reddy
Suresh,Patel
Amit,Gupta
Pooja,Sharma
Sanjay,Singh
Rahul,Verma
Ananya,Singh
Priya,Iyer
Priya,Das
Vikram,Iyer
Ananya,Menon
Suresh,Das
Suresh,Singh
Suresh,Iyer
Rahul,Gupta
Rahul,Gupta
Priya,Patel
Priya,Iyer
Pooja,Gupta
Vikram,Sharma
Rahul,Gupta
Pooja,Gupta
Rahul,Singh
Neha,Reddy
Suresh,Singh
Sanjay,Singh
Rajesh,Singh
Rajesh,Reddy
Neha,Patel
Neha,Menon
Amit,Patel
Vikram,Rao
Rahul,Verma
Suresh,Rao
Suresh,Das
Ananya,Reddy
Ananya,Menon
Vikram,Iyer
Sanjay,Rao
Vikram,Iyer
Sanjay,Gupta
Neha,Verma
Rajesh,Iyer
Priya,Sharma
Sanjay,Sharma
Ananya,Reddy
Ananya,Reddy
Amit,Sharma
Priya,Gupta
Rahul,Patel
Rahul,Gupta
Neha,Verma
Rajesh,Sharma
Rahul,Rao
Priya,Menon
Sanjay,Menon
Rahul,Verma
Ananya,Patel
Priya,Patel
Rahul,Patel
Rajesh,Singh
Ananya,Das
Pooja,Iyer
Priya,Menon
Suresh,Patel
Rahul,Patel
Pooja,Sharma
Suresh,Menon
Suresh,Rao
Rajesh,Menon
Ananya,Gupta
Rahul,Das
Vikram,Reddy
Amit,Patel
Amit,Gupta
Ananya,Patel
Rahul,Verma
Sanjay,Rao
Priya,Patel
Suresh,Gupta
Sanjay,Rao
Ananya,Iyer
Rajesh,Patel
Sanjay,Patel
Pooja,Reddy
Priya,Verma
Pooja,Rao
Sanjay,Menon
Rajesh,Reddy
Vikram,Rao
Pooja,Singh
Rahul,Patel
Sanjay,Sharma
Sanjay,Gupta
Suresh,Sharma
Pooja,Das
Suresh,Rao
Pooja,Iyer
Pooja,Patel
Suresh,Sharma
Priya,Rao
Priya,Reddy
Vikram,Singh
Neha,Iyer
Ananya,Reddy
Vikram,Singh
Neha,Iyer
Amit,Patel
Suresh,Patel
Ananya,Rao
Suresh,Singh
Rajesh,Verma
Priya,Patel
Neha,Reddy
Amit,Iyer
Pooja,Iyer
Suresh,Reddy
Rahul,Das
Sanjay,Verma
Amit,Verma
Vikram,Singh
Vikram,Menon
Suresh,Singh
Rahul,Verma
Sanjay,Verma
Priya,Gupta
Rahul,Iyer
Rahul,Menon
Priya,Sharma
Sanjay,Gupta
Rahul,Menon
Priya,Rao
Vikram,Sharma
Pooja,Sharma
Suresh,Das
Sanjay,Iyer
Priya,Menon
Rajesh,Das
Sanjay,Sharma
Ananya,Singh
Vikram,Sharma
Rahul,Das
Sanjay,Gupta
Rahul,Gupta
Pooja,Menon
Vikram,Reddy
Sanjay,Iyer
Ananya,Sharma
Neha,Singh
Amit,Rao
Rahul,Patel
Suresh,Rao
Vikram,Reddy
Amit,Singh
Rahul,Rao
Rahul,Sharma
Rahul,Gupta
Vikram,Sharma
Priya,Rao
Vikram,Singh
Neha,Rao
Amit,Das
Rahul,Patel
Rajesh,Verma
Priya,Sharma
Amit,Verma
Priya,Das
Priya,Reddy
Neha,Das
Vikram,Rao
Ananya,Reddy
Neha,Das
Amit,Singh
Rahul,Rao
Vikram,Menon
Vikram,Iyer
Amit,Sharma
Priya,Patel
Rajesh,Iyer
Neha,Rao
Neha,Singh
Neha,Patel
Ananya,Verma
Suresh,Rao
Priya,Gupta
Suresh,Das
Pooja,Patel
Rahul,Reddy
Suresh,Menon
Sanjay,Das
Vikram,Patel
Pooja,Patel
Ananya,Sharma
Neha,Reddy
Rahul,Gupta
Pooja,Rao
Amit,Iyer
Suresh,Das
Pooja,Verma
Vikram,Reddy
Vikram,Rao
Rahul,Iyer
Suresh,Menon
Priya,Das
Sanjay,Menon
Vikram,Singh
Amit,Reddy
Vikram,Rao
Suresh,Sharma
Amit,Verma
Priya,Reddy
Amit,Patel
Priya,Gupta
Sanjay,Patel
Amit,Patel
Amit,Menon
Sanjay,Singh
Ananya,Gupta
Ananya,Patel
Pooja,Reddy
Pooja,Verma
Pooja,Reddy
Ananya,Sharma
Priya,Das
Suresh,Iyer
Rahul,Singh
Neha,Verma
Amit,Verma
Rahul,Patel
Sanjay,Menon
Amit,Rao
Suresh,Patel
Ananya,Rao
Rahul,Iyer
Amit,Sharma
Neha,Rao
Ananya,Menon
Vikram,Gupta
Priya,Iyer
Rahul,Rao
Amit,Iyer
Amit,Patel
Amit,Sharma
Suresh,Rao
Pooja,Verma
Amit,Menon
Vikram,Verma
Priya,Das
Amit,Menon
Ananya,Menon
Suresh,Rao
Suresh,Reddy
Pooja,Rao
Priya,Menon
Suresh,Verma
Rajesh,Menon
Rahul,Singh
Pooja,Das
Amit,Patel
Sanjay,Singh
Neha,Sharma
Neha,Patel
Neha,Patel
Ananya,Verma
Rajesh,Gupta
Rahul,Singh
Amit,Patel
Amit,Sharma
Rajesh,Iyer
Ananya,Menon
Rahul,Iyer
Pooja,Singh
Suresh,Gupta
Rahul,Rao
Neha,Rao
Rahul,Verma
Amit,Rao
Neha,Singh
Amit,Sharma
Pooja,Patel
Priya,Singh
Vikram,Rao
Ananya,Reddy
Priya,Rao
Neha,Singh
Ananya,Iyer
Amit,Reddy
Amit,Sharma
Vikram,Sharma
Amit,Menon
Amit,Verma
Pooja,Reddy
Amit,Reddy
Suresh,Patel
Amit,Singh
Sanjay,Gupta
Amit,Menon
Sanjay,Patel
Vikram,Patel
Amit,Das
Ananya,Patel
Amit,Das
Suresh,Iyer
Neha,Singh
Pooja,Gupta
Amit,Sharma
Sanjay,Singh
Vikram,Gupta
Rajesh,Sharma
Rahul,Singh
Rahul,Das
Pooja,Reddy
Suresh,Singh
Rajesh,Verma
Suresh,Rao
Priya,Iyer
Neha,Patel
Neha,Menon
Priya,Menon
Ananya,Rao
Pooja,Das
Priya,Iyer
Priya,Rao
Amit,Iyer
Amit,Singh
Ananya,Sharma
Suresh,Menon
Vikram,Patel
Vikram,Iyer
Vikram,Menon
Rahul,Verma
Ananya,Patel
Suresh,Singh
Pooja,Singh
Ananya,Gupta
Pooja,Gupta
Vikram,Gupta
Pooja,Verma
Ananya,Menon
Ananya,Iyer
Rahul,Singh
Priya,Patel
Ananya,Das
Sanjay,Reddy
Pooja,Verma
Priya,Menon
Amit,Sharma
Amit,Verma
Sanjay,Sharma
Ananya,Patel
Sanjay,Patel
Suresh,Menon
Neha,Gupta
Suresh,Iyer
Suresh,Singh
Rajesh,Iyer
Rahul,Das
Rajesh,Das
Ananya,Iyer
Ananya,Patel
Priya,Singh
Vikram,Gupta
Rajesh,Singh
Neha,Patel
Suresh,Patel
Vikram,Das
Rajesh,Rao
Suresh,Gupta
Priya,Gupta
Rajesh,Patel
Rahul,Sharma
Rajesh,Singh
Sanjay,Reddy
Vikram,Sharma
Pooja,Reddy
Sanjay,Menon
Rahul,Gupta
Vikram,Reddy
Vikram,Singh
Rajesh,Patel
Priya,Das
Sanjay,Sharma
Rahul,Patel
Pooja,Patel
Neha,Reddy
Sanjay,Gupta
Amit,Gupta
Rahul,Sharma
Rahul,Gupta
Rajesh,Sharma
Ananya,Rao
Neha,Das
Sanjay,Rao
Amit,Singh
Pooja,Rao
Suresh,Reddy
Amit,Iyer
Vikram,Reddy
Neha,Gupta
Sanjay,Singh
Priya,Das
Suresh,Das
Suresh,Menon
Neha,Rao
Rahul,Verma
Suresh,Verma
Sanjay,Reddy
Suresh,Verma
Neha,Rao
Amit,Reddy
Neha,Reddy
Suresh,Singh
Rahul,Sharma
Suresh,Gupta
Neha,Gupta
Rajesh,Iyer
Rajesh,Singh
Ananya,Reddy
Pooja,Sharma
Suresh,Verma
Amit,Sharma
Rajesh,Iyer
Rajesh,Rao
Rahul,Reddy
Pooja,Menon
Vikram,Rao
Sanjay,Rao
Suresh,Sharma
Suresh,Menon
Amit,Singh
Suresh,Rao
Rahul,Patel
Suresh,Gupta
Suresh,Das
Ananya,Patel
Ananya,Das
Sanjay,Iyer
Ananya,Menon
Sanjay,Patel
Rajesh,Verma
Pooja,Reddy
Vikram,Verma
Rahul,Gupta
Vikram,Iyer
Priya,Iyer
Vikram,Gupta
Suresh,Sharma
Rajesh,Verma
Rajesh,Rao
Ananya,Reddy
Amit,Gupta
Neha,Gupta
Rahul,Reddy
Neha,Sharma
Pooja,Sharma
Amit,Menon
Priya,Menon
Rahul,Rao
Ananya,Das
Suresh,Iyer
Rajesh,Verma
Rajesh,Sharma
Rajesh,Menon
Rajesh,Menon
Vikram,Patel
Priya,Patel
Rahul,Patel
Rajesh,Gupta
Sanjay,Sharma
Suresh,Iyer
Sanjay,Patel
Ananya,Singh
Neha,Gupta
Rahul,Sharma
Rahul,Das
Vikram,Reddy
Sanjay,Singh
Rahul,Iyer
Priya,Singh
Ananya,Das
Vikram,Sharma
Rahul,Sharma
Suresh,Verma
Pooja,Das
Rajesh,Singh
Vikram,Das
Vikram,Sharma
Amit,Patel
Suresh,Gupta
Suresh,Sharma
Vikram,Reddy
Amit,Verma
Rahul,Reddy
Priya,Gupta
Neha,Das
Rahul,Patel
Ananya,Sharma
Vikram,Rao
Sanjay,Singh
Rahul,Reddy
Pooja,Das
Priya,Iyer
Neha,Verma
Neha,Verma
Neha,Sharma
Vikram,Sharma
Sanjay,Menon
Priya,Sharma
Amit,Sharma
Rajesh,Gupta
Amit,Verma
Rahul,Sharma
Neha,Singh
Amit,Iyer
Ananya,Singh
Pooja,Sharma
Rahul,Sharma
Pooja,Sharma
Vikram,Das
Amit,Verma
Priya,Sharma
Neha,Gupta
Amit,Sharma
Rahul,Iyer
Sanjay,Gupta
Neha,Das
Neha,Gupta
Suresh,Menon
Ananya,Patel
Rajesh,Gupta
Ananya,Verma
Ananya,Gupta
Sanjay,Rao
Vikram,Das
Rajesh,Verma
Priya,Das
Pooja,Das
Sanjay,Iyer
Ananya,Patel
Amit,Iyer
Rahul,Reddy
Sanjay,Patel
Sanjay,Gupta
Neha,Rao
Rajesh,Rao
Amit,Rao
Amit,Rao
Priya,Reddy
Vikram,Menon
Rahul,Gupta
Sanjay,Sharma
Sanjay,Reddy
Suresh,Patel
Pooja,Sharma
Ananya,Das
Rajesh,Das
Ananya,Menon
Priya,Patel
Rajesh,Iyer
Vikram,Iyer
Rajesh,Verma
Pooja,Verma
Amit,Das
Ananya,Verma
Suresh,Reddy
Neha,Rao
Pooja,Patel
Rahul,Sharma
Rajesh,Singh
Vikram,Reddy
Vikram,Rao
Rahul,Das
Vikram,Das
Suresh,Sharma
Pooja,Sharma
Vikram,Patel
Priya,Menon
Suresh,Das
Vikram,Reddy
Vikram,Menon
Amit,Singh
Vikram,Menon
Ananya,Menon
Neha,Reddy
Suresh,Singh
Vikram,Das
Priya,Reddy
Rahul,Das
Sanjay,Reddy
Sanjay,Verma
Rajesh,Das
Neha,Gupta
Pooja,Iyer
Rajesh,Verma
Neha,Patel
Priya,Iyer
Rahul,Menon
Neha,Gupta
Sanjay,Rao
Rajesh,Iyer
Amit,Gupta
Pooja,Menon
Ananya,Rao
Neha,Reddy
Rajesh,Reddy
Pooja,Reddy
Rajesh,Gupta
Suresh,Iyer
Pooja,Reddy
Ananya,Singh
Suresh,Sharma
Pooja,Verma
Rajesh,Menon
Sanjay,Patel
Pooja,Iyer
Sanjay,Reddy
Amit,Das
Neha,Reddy
Ananya,Singh
Priya,Reddy
Rajesh,Verma
Ananya,Patel
Suresh,Patel
Amit,Verma
Vikram,Patel
Vikram,Patel
Rajesh,Patel
Ananya,Das
Ananya,Rao
Vikram,Das
Suresh,Reddy
Rajesh,Patel
Amit,Iyer
Amit,Verma
Vikram,Iyer
Rahul,Sharma
Neha,Das
Neha,Menon
Amit,Menon
Suresh,Singh
Suresh,Menon
Neha,Rao
Pooja,Rao
Amit,Singh
Rahul,Gupta
Rahul,Menon
Ananya,Patel
Rajesh,Patel
Pooja,Reddy
Pooja,Menon
Suresh,Menon
Priya,Reddy
Rahul,Menon
Pooja,Iyer
Amit,Singh
Vikram,Singh
Ananya,Rao
Rajesh,Singh
Vikram,Rao
Pooja,Singh
Suresh,Menon
Amit,Patel
Sanjay,Rao
Ananya,Singh
Amit,Gupta
Amit,Patel
Rahul,Reddy
Neha,Menon
Ananya,Das
Rahul,Singh
Neha,Singh
Priya,Singh
Rajesh,Menon
Rajesh,Iyer
Rajesh,Patel
Rahul,Gupta
Vikram,Patel
Rajesh,Iyer
Pooja,Gupta
Amit,Reddy
Rajesh,Patel
Amit,Iyer
Ananya,Das
Amit,Verma
Amit,Patel
Rahul,Patel
Rahul,Reddy
Priya,Iyer
Amit,Singh
Vikram,Gupta
Priya,Singh
Rajesh,Sharma
Pooja,Verma
Priya,Rao
Pooja,Menon
Vikram,Iyer
Suresh,Reddy
Amit,Gupta
Pooja,Verma
Sanjay,Iyer
Pooja,Iyer
Sanjay,Sharma
Neha,Reddy
Neha,Menon
Priya,Gupta
Priya,Verma
Ananya,Gupta
Pooja,Reddy
Suresh,Sharma
Ananya,Rao
Pooja,Patel
Neha,Verma
Amit,Rao
Rajesh,Singh
Suresh,Verma
Priya,Singh
Neha,Gupta
Suresh,Gupta
Priya,Patel
Amit,Rao
Amit,Iyer
Ananya,Gupta
Rajesh,Reddy
Neha,Reddy
Rahul,Singh
Suresh,Iyer
Rahul,Menon
Priya,Verma
Sanjay,Verma
Neha,Gupta
Amit,Verma
Ananya,Verma
Neha,Gupta
Rahul,Patel
Sanjay,Singh
Neha,Rao
Neha,Rao
Ananya,Verma
Vikram,Gupta
Suresh,Verma
Priya,Das
Suresh,Singh
Sanjay,Sharma
Ananya,Das
Amit,Das
Sanjay,Gupta
Rajesh,Menon
Vikram,Iyer
Vikram,Reddy
Priya,Das
Pooja,Reddy
Ananya,Gupta
Ananya,Iyer
Ananya,Singh
Rajesh,Singh
Vikram,Gupta
Vikram,Menon
Suresh,Reddy
Sanjay,Sharma